SET SQL_MODE = "NO_AUTO_VALUE_ON_ZERO";
SET time_zone = "+00:00";

CREATE TABLE IF NOT EXISTS `users` (
`id` int(11) NOT NULL,
  `username` varchar(60) NOT NULL,
  `password` varchar(60) NOT NULL,
  `name` varchar(255) NOT NULL,
  `email` varchar(255) NOT NULL,
  `timestamp` timestamp NOT NULL DEFAULT CURRENT_TIMESTAMP
) ENGINE=InnoDB AUTO_INCREMENT=3 DEFAULT CHARSET=latin1;

INSERT INTO `users` (`id`, `username`, `password`, `name`, `email`, `timestamp`) VALUES
(1, 'mrfhitz', '4297f44b13955235245b2497399d7a93', 'Mário', 'mrfhitz@gmail.com', '2014-11-19 22:32:29');

INSERT INTO `users` (`id`, `username`, `password`, `name`, `email`, `timestamp`) VALUES
(2, 'pajo1471', '4297f44b13955235245b2497399d7a93', 'Paulo', 'pajolool1471@gmail.com', '2014-11-20 10:46:00');

ALTER TABLE `users`
 ADD PRIMARY KEY (`id`);

ALTER TABLE `users`
MODIFY `id` int(11) NOT NULL AUTO_INCREMENT,AUTO_INCREMENT=3;

CREATE TABLE IF NOT EXISTS `albums` (
  `id` int(11) NOT NULL AUTO_INCREMENT,
  `name` varchar(50) NOT NULL,
  `artist` varchar(50) NOT NULL,
  `img` text NOT NULL,
  `qtd` int(11) NOT NULL,
  `price` float NOT NULL,
  `off` float NOT NULL DEFAULT '0',
  PRIMARY KEY (`id`)
) ENGINE=InnoDB  DEFAULT CHARSET=latin1 AUTO_INCREMENT=13 ;

INSERT INTO `albums` (`id`, `name`, `artist`, `img`, `qtd`, `price`, `off`) VALUES
(1, '1989', 'Taylor Swift', 'http://a4.mzstatic.com/us/r30/Music3/v4/2c/b1/87/2cb187fa-2da2-839e-436a-8997561c0493/UMG_cvrart_00843930013562_01_RGB72_1400x1400_14UMDIM03405.600x600-75.jpg', 20, 19.99, 0),
(2, 'Cadillactica', 'Big K.R.I.T', 'http://a5.mzstatic.com/us/r30/Music5/v4/7a/f8/dc/7af8dc27-1c9b-5ee2-920d-f8776bce1334/UMG_cvrart_00602537943500_01_RGB72_1500x1500_14UMGIM43868.600x600-75.jpg', 20, 19.99, 0.8),
(3, 'BEYONCÉ', 'Beyoncé', 'http://a2.mzstatic.com/us/r30/Music3/v4/34/c1/73/34c173c0-faf9-27e6-cac4-f5b6b71f782a/886444955379.600x600-75.jpg', 20, 19.99, 0),
(4, 'Jealous', 'Nick Jonas', 'http://a3.mzstatic.com/us/r30/Music3/v4/87/85/ec/8785ecf8-231c-9ba4-d0da-71379ada6736/UMG_cvrart_00602547140135_01_RGB72_1800x1800_14UMGIM55255.600x600-75.jpg', 20, 19.99, 0.8),
(5, 'Montevallo', 'Sam Hunt', 'http://a4.mzstatic.com/us/r30/Music3/v4/1f/53/35/1f533522-29e9-948d-eaa8-bcc2a854af3e/UMG_cvrart_00602547034830_01_RGB72_1500x1500_14UMGIM42058.600x600-75.jpg', 20, 19.99, 0),
(6, 'FROOT', 'Marina and The Diamonds', 'http://a1.mzstatic.com/us/r30/Music3/v4/67/74/dd/6774dd4d-f6a9-a6d2-a15d-7be7ac8ab138/825646175765.600x600-75.jpg', 20, 19.99, 0),
(7, 'Save Rock and Roll', 'Fall out Boy', 'http://userserve-ak.last.fm/serve/500/91409179/Save+Rock+and+Roll.png', 20, 14.99, 0),
(8, 'Native', 'One Republic', 'http://userserve-ak.last.fm/serve/500/87338269/Native+Cover+JosepVinaixacom+Version.png', 20, 9.99, 0.8),
(9, 'AM', 'Arctic Monkeys', 'http://userserve-ak.last.fm/serve/500/92744747/AM.png', 20, 14.99, 0),
(10, 'I am Hardwell', 'Hardwell', 'http://userserve-ak.last.fm/serve/_/95407343/I+am+Hardwell.png', 20, 14.99, 0),
(11, 'A Town Called Paradise', 'Tiesto', 'http://userserve-ak.last.fm/serve/500/98865415/A+Town+Called+Paradise+Tisto.png', 20, 14.99, 0.8),
(12, 'Neon Future', 'Steve Aoki', 'data:image/jpeg;base64,/9j/4AAQSkZJRgABAQAAAQABAAD/2wBDAAoHBwgHBgoICAgLCgoLDhgQDg0NDh0VFhEYIx8lJCIfIiEmKzcvJik0KSEiMEExNDk7Pj4+JS5ESUM8SDc9Pjv/2wBDAQoLCw4NDhwQEBw7KCIoOzs7Ozs7Ozs7Ozs7Ozs7Ozs7Ozs7Ozs7Ozs7Ozs7Ozs7Ozs7Ozs7Ozs7Ozs7Ozs7Ozv/wAARCAEsASwDASIAAhEBAxEB/8QAHAABAAEFAQEAAAAAAAAAAAAAAAECAwUGBwQI/8QAPRAAAQMDAgMGBAQEBQUBAQAAAQACAwQFESExBhJBBxMiUWFxFDKBoUKRscEVI1LwFiQzYtElcpKi4aPx/8QAGAEBAQEBAQAAAAAAAAAAAAAAAAECAwT/xAAeEQEBAQADAAMBAQAAAAAAAAAAARECITEDEkFRIv/aAAwDAQACEQMRAD8A6eiJ9UUUKcKEBERAUqFKAoUogKFKY8ggKFO/umEEIpwfJMIIUpjzTCAiYRAUKU26ICJhEEKUx6FMaZQETCICIiAiIgKFOyICIiAiIgIiICIgQETCICIiAilQgY6gZwM4XPOJeIqjiCihrOBeJoxPTtc6egHhlmG4LWOGXOG2BvkfXoUhlEUhpwDMGExhxwC7GgP1XAoKfh7i26zQVUT+HrtPOGRRQtL4HPO4LTq050xkDVEb3DdeOr5whA2kiktt8hqeSodURCLvow0+INcMakjYbgrBx8WdoV4qpLHRyU1LW23mZUTtABnLTykkuyDrroBut14KtF3stE633WsZWhkn+XlBJLY8DwnI6HOmu6i18YUV64pudjFDJDLbHvY6Zzw4SFj+TQY0zug1PjHiLjO23i1UdHXupGVVNGxz3MZ3b59Q88xHtnyWR4fm46qKS5CvvEM73UxbRywOjeI5hgjPKPpr5rF9r1xoZuIrPZ65kkdNTt76eaMguLHnBAGNxyfdZbs0rOHY2VNrsVTVyta41D/imAEZw3Qj2CD08M3ni2ThC4vulFVS3dgeaQSRtjc/LRy+HTZ2ScjbzWGfeuOaXs/qbjU1NWLo2q1DqdodDA0HmJby7E65PTC9nGXHV5sHHNLaqKjhdSvERIe3LqnnODg/h6geozqFm+0G7RW3gavm7gzfGD4UeLl5S8Hxba4xsg1Lh26doFxq6CqkvlNUUcjmSSwh8XOYsguBaG5BwurQvL4+YhcV4DrOE7XdKGWGrr/4pUMbA9j4wYg9+AcHG2eq7ZF4mtAQaj2m3672DhyKoszZWSPmAmqmRhzYGba5GBzEgD6r38F3iuuvDlLUXWN0VX3f80yN5OYDZ+OmRg/VaRxlxJWccT1nCNioc/B1DnyzOnAE7WeHA6DxHz1wF6uD+IZIpncB3undBVspZIDUGTPPp4WgY/oOQc9AgzHEFfdeJ6GmquAuI4u7Y4tqmjDcaZa45bzA9MddPIr18P3uS1w0Vp4ovcEt4qXENYccxz8rfCNtNzjJOFgLDBSdlltay/XJrxXTczRBESGkN19SNtcDU+qvXLh6Dja/2jjC0XJhpYu7zC6Mh4Ebid8750wQMeZQKvi65WntUnoLtXfDWQxc8LJw1jHDkGCHYyfEHddwsrY6Xi2O/Tz3m9/FW8PzTRQxsa2ZpGhdgZaBnbO43I30vi6ibxl2mtsb3OpTRUYhMoHOXkZkzjTHz4+i6BwxxLZrtU1Froq4Tz0WGuJAAkGxczzAOhxj00wUGH4YunFj+LLrBe21Qt7S8UnfQBjcc+nKcDPhW9A5aD5rU7FxxTcQcR3C0fw51O+gLh3rpubvOV/LtgY891to2HRFEREBERAREQEREBERARE90BERARFCCUREHjq7za6Gthoay4U9PVVGO6hkeGufk4GB6nRLjebXaO6/iVfBR9+SIu+fy8+MZx7ZH5rSO1Lgq4cR1FFcrWwzTxNFPJGXNa1jMl3PknJ1Owyr9+slp4kp7RaLvdRBd6duaeNsnO9+Q3myCNc8g1ONiiNsuHEFltE7ae53Smo5nM52xzPDXFuSM+2QfyWFFLwTxNc3S0rrXX1zR3jnRta5+AR4j56kalaf2uWqKKe036q558uFLJTg4D2NLnnDtwTzEKjs5r7FPxDOLdYZbdKyle90rqp0nM0FvhwfPTX0QdKuN7tHDsEb7vcYqQPz3fPkufjfAAJOMhee1wcP3OR94svwchmcRLUU7AHPd8xDjjOdQTn0Wo8OXWm7UbXLT8RW6nc6glaYjC9zSS4HUgHIGg64J6aKLlff8AcRWjhe1UFO2jqHRySOc5znhr5CCBrvpuc9EVtdyp+FrreRb65ttqLq1ob3MrGumDQObGuuxzhW4KLhmxXWKjidQUNfUNHJCxrWSSgnTbcZB/JanxdwXda7jql4itTXPilfHJPIZWx9yWYAA3cchu4B3WauFns/EHF1FWsuY/jNrYHPpo3B3ga7I5h+HBd9wiNmrLLb7jUxVM9FBNUw4Ecz4wXswcjB3GuqxNXxDwTV0hoq672qoiDsmOZ7XNDh1weu62Kl5o2NLtSF8+3ajs/DHFt2ttwtk13jikb3bu+MJbkcxzy77/ZB1dtt4JpaOG8t/hMFKZMQ1YYwN5wTs7G+h/JZ514tVvtkVfPcoIaOXHd1D34Y/IyMHrkarT7xS8K2bgSkju1FUSWjvmGKCF7i5kjmudqeYEjV3VXLxLwrD2f0E11pamayuMXw0MbiJGZYeTOHDYZ6orMM/wAIWqop3QS2yhfXMa6ERNbGZ2k+EjG4JV26QcMQ32BtebfDdpeUw941omfk8rcHfcYHssPNwbYeKbBSTx0zjihDKB0krx3LC3LOYA64zrnKxfCvZdFaZWy3RkVRWxTiWCeKR4DMYxpoDqM7IjbK2Hhi/wBYbVVfw+urqYHML2h0sQG/qNwq7M+wUNY+zWyqo2VERPPRwYDmkb5aOqwFsfww/tCrqehp6mK+MD/ip3uPdvwW82PER5dAot0/Cj+0Wsht9LVRXuN0nxEzye7fgjmx4jv7BBlKi7cENuzqt1ztMNwDi2Sbma2TI0ILt+mPovW20cOwgXyngt8TWNdN8bExgGNeZ/OPrk+645xRQWbh/i2+2+up562R7A+lka/k7uR7Q/J8wC712W5dmVprKzguutVaZYKa5F7YSRqGPaAXNB6E5x5/VBsMN44Dpqx9XT3W0QTyE95JE5rXPycnJG+uq2qGWOaFkkTw+N7Q5jhs4HYhfOnDTrFNUU1tuVjkrJqipEQqW1L2BjXEAeEb41K+g7ZSspKSOCM/y4mhjB5ADAH5IK6+vo7XRvra+pZTU0ZAfLJ8rcnA+6qpK2luFLHVUc7J4JRlkjNWuG2i1ntTbzdm10P9JhP/AOrB+6t9mhd/g22AnTujj/zcg3BERFEREBERAREQQiIglQpRBClQiCUUIg03imm4n/xvZ660vlFqjbGytaJmhhHeEvywnU8vUDPksDx7whfbhxJS8QWQucSxrXhj2xPgLfI6Egg+ZO/TC6eWh24yhY0jGAiOY9oNk4pu98t1fZ4nS01JCxzWmZrWtnD3Hm5HHfHLrj0Xs4NfxqLy88SMb8J3J7vlEX+pkY+XXbm9F0IsbjHLooEUY2aEVpfENqvFgoaYcC2mnieZS+oc0RjQDABDvmyTnO45fVemyUVRxBbaSbiy10/8XpJMsnw3m0OWuBbt7baZwttLQRgjKhsbGHLW4QaT8JxRQ9pMlS10ruHpWgFhlaWZEWBhmct8fkBlYSs4Pv1v7SW3ygc6SgqZxLNKyRrC1pOXMc0YyMjOxzp1yupFjXakIWAjUIIpH5Yxz/rlc44I4ev1tvV1mvsT+ascwtkkmEjn4J3IJOxG66SBgYAUcjc5xqgxF+4Xt/Edn/hlcZWwiQSgxOw4OAIB2PmVzODhbi6uFFw7f2SMsVJJzB0boudwAIbsSeuOuM+i7IqTGxxyRkoMNS2yag4amoqBzxLHRuipTzYcHBmGHPQ5xqsTwFHxNSUVRBxNLPLUmfmY6aYSkM5RoDk6ZytxwAMY0UcjQcgaoOecW8JXW334cT8JNlfcZpHGqje5nIWkDUBxHUba+emFPBPCtTBXPvt473+M1L5DUcxbygOcDoG6Z0+5GF0MgEYKhrGt1Awg5LT8CXi51/EEd8YWmu1pKmWUSFrmuPJnBJAxge2iyfCtDxVb+ErnZKyjfBVNppG2+Zk7MhxBw3mB0IOoP/AXRyxpOSNVHdtznCDiVrtHaRYaQ0VBTNii5zIWl0L/ABHGTkk+QXSrjLxE7gzNmAbegyLfkxzad583h8/2Wx91Gd2hSGNaMAYRGocTUN44h7NpLc2HvbrLDT98zma0OkaWmTXQbg+nkvRwHb6u18OUVDWx93PAwte3IODzE7jTqtnDGgYAQMa3YIqUREBEUoIRSiBhQpRBSieyICZRN0DKIoQSmUyiAiIgIiguA3KCVBdg4zqtevPGlotALX1DJZAcBkbw535dB6laBfO1i4SSPhtkMMTBkd5q7PqDn6/VaxNjrskzY/nkY0HbmOMqPiIuTn71jW+ZcAPzXzhVcRXasGJ62RwIwQNM+5G/1XgFRM1rmNmkDXfM0PIB9wmRNr6Tnv8AaKWURT3OliedmvmaD+qsHi3h4Eg3qiBG/wDmGkD3IOF83nB31TA8lOja+mI7/ZpmsMd3onl/yhtQ0l3sMr0x1McriI3AnyG/5L5eBweYEg+YXsoLzcrVKZaCumgcd+V2QfodFeja+mWuzqMEeeVVquI2jtb4gt4DK6OC5Mzq547uTHkHN0/MFbRR9tNplwK61VlMfOItlH3LVMXXRlIWLs3ENov8feW24wVHXuweV492nULKbHGFFEUDrupQEREBEUoIRFKAiIgIiYQERSgoREQEUqEBERAREQERCgEgYHnsuXcX9qbovirZY4THLHIY31jyDtoeUe/VZXtE4yjtNNLaaGVrrhLH4/KJhB1J88bD1GemeLzSulkL3HJO/wDytTpmqpqiSZxc97nOcS5xJyXE7kq1lRlFAREQM6ooRESijKIqcplQoQVtc5j2vY4te05a5pwQVuvCHHPEUV4pKKa4y1UE8jIuSY8x1ON99srSMq/RuLa6ncHFpEjSCDgg5TcH09FIJGNeMjmGdVdHktE4c4zdTubSXuTmiOGsqzu30f5j/d+fmtttt2p7nJVRRENmpJnRSMznIDiA4eYICm63ZY9yKURDCYREBERAREQEUogIiIKERSgIhREQilQgIpUICxvEF4jsdmqLhLkiJmWjzOwH5kD6+iyS5f2w1xayho8gBv8ANwertRt7fv5qwvjmVxr57jXTVdS8ummeXyHOnMTr9NgPQLyFDp7IjKE6qeiIqEUpjRBCJsiAmFICnCCnCYVWEwgpXot7DJcqZg6ytH3XnwsjYYhLeYAdm8zvyBUviz1ttZIPhHh/XKydiuMllrqWpaTiMBkrf62YwQf19wFjo2sqa1sbhzRxDnc0jQkbA+5+2Vdma4Sb56rhL29Nmx2bwnVpDmnUEbEIsJwhcBX8PQjQSU38l7c6jHy/b9Cs2u7ziIiAilEBERAREQEREFKIiAiIgIiICIiAuK9r8p/xPBESDmnD/uW/sV2sbrgvajUOn4+q43Hw08bI2+g5eb9XFWJWnqUCBEAEUhMII6qceFOqqI0QWjupARwUgIJwpwmFWxoMgDjhudT5BBRhFclZyPLcEY6EYKoIxoVcNUYWX4bj/wA5PLjPJFj2yd/sVjHMLd9jsRsVsPDNL/0ytqju5wY36a/uscvGuPrO8PxOkp6ioJwZJeUezRv9youte+mBigg5pCcHI39l7eH+X+BwMGj3uec+ziqbjJFECxkfeSPOzdT/APFxnr0W/wCVnhbif+D8Q05kkPc1REUrDpoTjJ9jr+fmuyf3lfP01sfV1tOWNLHyStYcnqTuu/xMMULIycljQCfZej8eb9VFQpRRRERAREQEREBETCClFKIIRSiCEREBFKhBI3Xzxx/IZOPLu5xz/OA/JoH7L6GOn5r587RI+747uY/qeHf+oViVrSkKFIRE9VON1I3TqQrgpIVX4UKn8JKCBEXse4DSMAn88KkdF6ad2KeoYBq9oGfTIP7BWQ1TBHLopcNfL2Vwt0HtsoLfF6brWIPe6TV5z0HokRDXjmGQRqD1VfLkYAxuqqeBs5fFnEoGY87OPkql6W5WCNuW6xP2HkVu1lp4xwpAIiCXBxefXOq06JnfU0sRyCzX9lvdsi+Fhp4Hjliq8gZ05ZRrj05mj6lq5fL506/F3urdjnMVumiIJkgldoPI6j9/yXmc+rdLywQB0k7iO9ldhjeuFFVIbLczO9rjTSjkmDdSB0djrj9ysm+Nj6cOjLZIpBkFpy1wPVc5ZLtde8yVi+GYrnX3qnjuLQynlnDccvKR4i04I9Rj6Lt4aGANAwGjAC5JaIjCX8ry0NeHRaasI/bK6ja7gy6ULKluA/5ZWj8Lxv8ATqPdbnLbjneNkletE6oVpkRFKKhThEREYUoiKhSiIKcIpREQinChAREQEREEO2yuEdqFL8PxnLLnPxMTZfuR+gC7wRouOdsNG6O8W+qA8EkDoif9zXZx+RCsSudFBupwoRFY3BUn5gcKOn3VTjoCtIpKn8BUFSNWlQXacgOcCfmbhGkcp0VuM4ePsrjTykjHXRagqcPD/fkh1LSNsf3+qrwXx48gQqR0z9VUQdCMeapIIPM3cFXOvsVAI+/7oPXS8tS5zs8rpuRrwNweYarpEdG2ptktFV6Ppj3Uzozggt1ZK37H8wudtphDbmSg4dOctO2PF59Oq2ywcQukr6dlY8x1mDSVTXn5yNYn488hzD/3NXL5ZbNjr8NnHlZS6lwj+GuTWtlx4ahv+nMMbjyPmPfosRYKx1NVPtMriY35fBnody32Iyfp6rZbpEeR7W8pjdnMThlpWlsi7riGiMbXMPftHLnIxnX7Ljxyx15bK3OEENxnOCs3ZrmbTWMmecU02GTjoB0d9P0ysHTFzqh7QNGjJXue1kkBa14z1aVnbK6Zsx0nGCixfDlw/iFmiLzmaD+TKDvkbH6jBWUC9DzVClERBERFEREBERBCIiiChSiohFKIIU4REEHZaL2s2v4zhJ1YweKimbIceR8J/X+8LezsvPV0kNfR1FFUN5oamN0bx6EEFWJXzAdVBXquVvntNzqrdUY76lldE8jY4O49DuvKQiJBwFO7SFTlSCroHVSDpsqVP7oJCvPIJY7zG39/RWAdVdA5mEeWqsR6GHXlHuEA8OOg+3RURPBDcqtxAeQD83T3WkUE5GcaKknldoMKo6s2Vt++Op/v/hRW3Q0LbhwrEGDmfGw4bnrv9wSAvDLTOu9BDX0p/wCoUmGvLTrJy6g+/l5/RZPhKZstGIHnla7wE/cH6Kxc6aa1XB1woxzA6zxDqP6h6dfRcpe8dbOvsydNeIrxQ94AI5mNxNGdwfMeisWu1maudc52kRQktgH9b8YJ9QBn6+xWGqW/HTR1tqlDKmV4YW7ZcdNfX9VuLnNZE2Bo8EbQxmPILlyn18dOO8vVVrmgZVSsmIAcBglWa662yG4NgZUN70nwtB1Kwt3qmwRO7xp1PhIOPplW+EKC3cQV7aOJlJTVxdzxmolcXPxqeUAakDXBOvTqrOOreedOhcF1LpbtVMaf5boA5w6cwIAP3K3JYyx2GmsNK+KF7pZZTmWZ4wX+WB0Hosn0XSTI5W7dERFWRERFEREBPqiIIREUQREVBERAREQOqgD7KVHVBxjtZszqfiJ12j/0qpjA/wD7gCP0aPzC0HHULvPG1vZW0LI5RzNlcaYA/hdJow+/PyD6lcHLXMADhjIyt/jH6o6qOqqKp6rKinooQIJV6M+HPUKzuq43AHB9lYVcYQ1/LuCvQ/Hhf1P6/wBheV4IJOMEHKvsdzs5fMZB8j//AFaZS78tcFWpM4B8lcbjkznc6hUyAkHr190Vl+GaxsM7oXnAdt79MfdbVcHGUwvOO85D4wfmwue0s5p52yA6A6+y3GKr76PvM5GMYz0wCTj6fVcOc7124cusYqWnjo79SyxfynF4c5o0afUeWq2+LxxDTU7ZWrXKQvmjqms7xsBa5ufxYO31wthjqWx6hxe0jnB8wRt7bLHLt04ZGD4pLDTMj5gHc+Qtcp4pO/gMTSZRIOTl1JOdMeqzl5gbWTGcnTGACNlsXZxw025XB1VPpT0jeb1c85AwenX8gunBx59usURkNDAZXc0hjbzHzON1e6J0TotIIgUoqEwiIClQpQQilERSiIiiJhEQRERRERATdFKIxt4pxVUFTTnRz4nFjsZLXAeEgeYOo9QuEXCl+Ktk05aGVFLVva+NudGuJOB7EkL6CnAcAT9Pdcm4gtr6K+14hhfJT1tNzFrBkCVpByR7j7rfH+Mcv65wVQsjW2uqglJFNIGHUeE6LHkYKlmEuihT5qFFFUNNVCkDIIQXx4mZ8v0VLPDoeh/v+/RIXDYn0KTNIdsQtora8nr16qrGNMb+Ssg+H1CusdzADHXBP6fr9kFogtJaVl7ZWOkp3Upx3rR4Ndxnb6LEyHJ5gDqkMzqeobK3oscprXG5W3MZ8RSCNoy2LTXdV2irY2nkoKhwD4v9I5+ZpO30z+Spt9SPg/CG82gD87k/qFjLyOUwyxHkkad98Fccdtzt6nN7+OVuThrjnp54W2dk14dTGutFSzxueJWvyNzpj22x/wDVp1Fc21bJCGtZKQC5vqBv7Kvh6sLOI4ZYy2CcSDBcMtOCDjH0/VdOP8c+V/Xfwcp0Vumm+IgZJylpcNWu3aeoKuqohSoUoCKFKAidUQEREEIiKAiIgKNlKIIRSiCEwpUKiiRoOhGVqtZRiS4zHTlDsABbY/DWkk7DJK12EmZz5D+NxcfzW+PSXtiaywNqIHtDcZBxp5rkV9tctpuktNI3GDkHzX0RTU4DRzDfb0Wh9o/C0lVF8dC3LoxrgdFrft0zZncchUK49hY4ggg+So6rmoN1U3z8lTsVI3QVNGH46FXpQXxZxqPVWSCdf7CvRnIwRuFqJVgHBwpB0IUOGFBUVW52c6eqoOoQHCAIMhbap0TCc45NdVdkq3VOrgDroTuc6n91i2kgFvQ7qTI4NwDos4upMhDuZhw7zXooZpHVsbmnlkDhyuPRw2OV5AC4gAE5Og81m+HbbJVX+ipGRkyTScpGNWjUZ9x+y1Iju/DFU+ssNLNLnvO7DXk9SBgrLrz0NHFQUjKeFpbGzOG5zhejostCIiAiIgInREBFKKKpREVBERARERBERQETKokkETckEk7AblUea6yvhtkzo2F73DkAG+uixNFBUNa3vXNYP6WDb6rITPfNLh51H4Rs3/kqtkYaFudRFccjmevuq3uhnaY5o+YEYIIVIap5A4YKiuUdofA/wJddrdHmmJzK0D5PX2XOSML6dLHMYWSNEkbgQ4OGQR6hcl487PBb2S3ixxufS5Lp6Zuph9W/7fTor6zjnXVT5eibjI1TooLjfLzVUZGBqqOb5T5KtmjyDsrEqJmkO2x6Kz0XqmaeQZ88LzEJSIUt6qFW3UY0WYr2W211dzqBBSQule7QAf36rcqDswutXFBMadsQc8AskeBygbk9TnGAB5q72VxsZd3Odofh3uPUbt/LRdjADdAFdwzXIWdlFe67cpqGNpnEvbM1mOXyGCehGOvut/4a4PoeHS6YPdU1j8h079NCc4A/srYMopbTIImEAUaCiIgJhEQFIRFAREQUoiYVUREQETCICIqXO15W79T5IlQ+Tl0Ay7y8l45HySP5Ijl5+Z/krkhJjf3ZOG/M7zPkvTTwCOMaAEjVa8FqCkbEzXU+qqfgaABXZHADdWM8xznAQCMqMZIBCrAzsFLW5OyCeblGD91b7vXmbv5Kt+22fRUD/afoUHLe0Hs+hjp573ZIO7MeX1NIweHl6vYOmNyNsajC5iNdtivqA4do7Q+q4Vx9wk7hq797TsIt1W4uhI2iduWfuPT2RK1QbFXGOw8O891b2Kkb7qo9haXM26FeN4x1XrhdlmfVWpo8OcMYwVakedXRju2jrzqgBXWsw1rvMn7LMV0Lssj57lUZa081O9oPlq1dg9VybsraBWOwPEWyden8tdZ6KVZ4IiKKIiICKcIoCIiAiKVRClEQUIiIoiIgIiEgDJ2CCHHA03OyskmV3dRnwg+J3mo5nTvLWZA2J8h5e6uPc2ni5Wj0CqJYwOeIwMMj1PqVXLM1vgaMlW2cwj5QeUbud1KoaRz+HZUSGlxy45Krxpsmw2QNe/phQRke6rb7oIXdVcEeB8wQWZNSB91TyaK93ROocFPdPA2B9igsEaY+6xt8tFJfbTNbq1mYpR8w3Yejh6jdZct6EEKzy8ruV3XY+aD5tvllq7BdZrdWAd5EfC8DSRp+Vw9D/wAheALuvaBweOI7T3tKwfxClBdAerx1Yffp5H3K4VqCQQQQcEEYIKrL0wuwCddQq6gdRqC0H7K1Dq8eR0KvuaC3lzqAVpl5mNJwPMq85mI2nONz9EibjB9FelaGwAnQ8mQPPUKNOidlbuUjLQc8/KQPVmcnrsuprmvZYwGha8g5aSBp0J1x/wCP6LpIGAAs1YlEUqKhFKKKIiIginCKgiKEBERBSiIgKVCICtTh0hbCw4zq4+iu7DKuxxhoyfmdrlBbDGwx8rRgBeUDv5y53yR/cqutm7sEdVSw9xA3Orj9ytQTK8uPI3fyVwRd3T8w1cTulPEGNL5DgnclVvkJj7tgwT59FAOGO5Bhz8a+iofK9szYx+IbDoqhyxMLidNyVELSSZXDxO+wQXeXAxnfdHnZo66lVbaq3nmeSgrUMyGg9VJRuygqDujgHKl0McrSB+SlQcg5G6C0WOZ/uHruuR9qvBwpZn8S2+P+TK7/ADsYHyPOgk9idD669V2LIeB5rx1MUU/fU9RE2WGRpY9jtnNIwQVR8yR/KHD2K9oGW5/Cd1luMOEKnhK6uiYDLbqkl1JMd9PwH/cB+e6xERzFy522/ZbjnVDG5wPRVVTg8eWmPbZSwYIHUbKiTV3oR1/v0U/WnXOywNdYYxgh7HnXzHi/+LflpvZlR9xwvHK75pHvcD5DIGP/AFJ+q3Pos1oRNkWQREQSiIqCIoQEREUREQQidURDCIiCkHMgaOgyVW6UQjmd8oGqoi1e8+uFaryRC5UeWaXvnB2cg6/8L0ADJe7UA4aPNeWjYC1o9M/Ves/60n+w4CorLjkF2C7oOgUNeGnB1J+6oJ1VMji1gx10yguZ7+UNH+m059yvUMBWaZoa3AHRXTuoIec6IBgpjVDugkqRsqSpagndCityOPM0IKmnDzg46q1IOaQOxuMFV/jH5Kl/z46aIPDeLLT8Q2qe11rAYZRlr+sbx8rx6g/nqOq+fK2hqLRdKu21bC2ameWOyMZxsR6Eaj0wvpYeS5H2w0UEF8tldGzlnqY3slI/EGkYJ9fFj2A8lqVmtCYPFncYUN8UoB321Ut0Ku0bGyVDWu2LgPuAl9J47vwdSspeF6NkYw0syB+v3JP1WcXmt0TIKCKGMYYxuAF6VitBQIpQEREBFCICIiKJhSiAiIg//9k=', 20, 14.99, 0);



CREATE TABLE IF NOT EXISTS `sales` (
  `id` int(11) NOT NULL AUTO_INCREMENT,
  `album_id` int(11) NOT NULL,
  `user_id` int(11) NOT NULL,
  `date` timestamp NOT NULL DEFAULT CURRENT_TIMESTAMP,
  PRIMARY KEY (`id`)
) ENGINE=InnoDB DEFAULT CHARSET=latin1 AUTO_INCREMENT=1 ;


INSERT INTO `sales` (`id`, `album_id`, `user_id`, `date`) VALUES
(1, 9, 1, '2014-11-21 18:31:26'),
(2, 9, 1, '2014-11-21 18:31:26'),
(3, 9, 3, '2014-11-21 18:32:00'),
(6, 1, 2, '2014-11-21 18:33:47'),
(7, 1, 3, '2014-11-21 18:33:47'),
(8, 1, 1, '2014-11-21 18:33:57'),
(9, 1, 5, '2014-11-21 18:33:57'),
(10, 7, 2, '2014-11-21 18:34:42'),
(11, 12, 3, '2014-11-21 18:34:42'),
(12, 10, 2, '2014-11-21 18:34:54'),
(13, 10, 3, '2014-11-21 18:34:54'),
(14, 5, 1, '2014-11-21 18:35:05'),
(15, 10, 6, '2014-11-21 18:35:05'),
(16, 7, 6, '2014-11-21 18:36:11'),
(17, 12, 6, '2014-11-21 18:36:11'),
(18, 8, 5, '2014-11-21 18:37:26');

ALTER TABLE `albums` ADD `tags` TEXT NOT NULL ;